Licence,treatment,PLOT,TREE,Species,HT,DBH,Stems_ha,Gross_Bio,TC
,,,,,,,,,
A16818,sx,13,3,At,20.3,26.8,35.45,0.466,1
A16818,sx,10,1,At,18.3,18.6,184.02,0.208,2
A16818,sx,14,6,Sx,17.9,34.2,32.66,0.707,8
A16818,sx,14,1,At,17.7,16.4,142.02,0.157,1
A16818,sx,11,2,Sx,17,28.2,64.04,0.466,8
A16818,sx,9,4,At,16.9,21.2,84.99,0.246,1
A16818,sx,15,3,Sx,16.7,23.8,89.91,0.332,8
A16818,sx,10,5,Hw,16.6,15.2,275.55,0.123,8
A16818,sx,11,5,Sx,16.5,29.9,56.97,0.507,8
A16818,sx,11,8,Sx,16.3,27.7,66.38,0.433,8
A16818,sx,11,7,Sx,16.1,27.9,65.43,0.434,8
A16818,sx,10,13,Pl,15.8,17.9,198.69,0.186,8
A16818,sx,16,12,Pl,15.5,15.9,151.09,0.145,8
A16818,sx,10,12,Pl,15.3,21,144.36,0.243,8
A16818,sx,16,3,Pl,15.2,13.9,197.7,0.11,8
A16818,sx,12,6,Pl,15.1,21.9,79.64,0.26,8
A16818,sx,10,14,Hw,15,17.5,207.88,0.147,8
A16818,sx,10,10,Pl,14.9,10.1,624.08,0.058,8
A16818,sx,14,3,At,14.9,15.1,167.52,0.112,1
A16818,sx,13,4,Hw,14.7,25.5,39.16,0.304,8
A16818,sx,10,3,Hw,14.5,25.6,97.14,0.303,8
A16818,sx,15,2,Sx,14.5,20.9,116.59,0.226,8
A16818,sx,10,11,Pl,14.2,10,636.62,0.054,8
A16818,sx,10,8,Pl,14.1,19.5,167.42,0.194,8
A16818,sx,15,4,Sx,14.1,20.4,122.38,0.21,8
A16818,sx,15,6,Sx,14.1,18.8,144.1,0.18,8
A16818,sx,9,1,Hw,13.9,17.5,124.73,0.136,8
A16818,sx,10,9,Pl,13.9,16.4,236.7,0.137,8
A16818,sx,13,2,Sx,13.9,31.8,25.18,0.487,8
A16818,sx,14,4,Sx,13.9,20.6,90.01,0.211,8
A16818,sx,11,1,Sx,13.8,29.7,57.74,0.424,8
A16818,sx,14,5,Sx,13.8,23.5,69.17,0.27,8
A16818,sx,16,6,Pl,13.6,15.4,161.06,0.119,8
A16818,sx,9,2,Hw,13.5,16.8,135.34,0.122,8
A16818,sx,14,8,Hw,13.5,17.4,126.16,0.131,8
A16818,sx,16,9,Pl,13.5,12.8,233.14,0.083,8
A16818,sx,16,10,Pl,13.5,11.9,269.74,0.072,8
A16818,sx,9,3,Sx,13.4,24.5,63.64,0.285,8
A16818,sx,10,4,Hw,13.4,16,248.68,0.11,8
A16818,sx,12,1,Pl,13.3,18.5,111.61,0.165,8
A16818,sx,16,5,Pl,13.3,15.5,158.99,0.118,8
A16818,sx,15,8,Sx,13.2,17.3,170.17,0.144,8
A16818,sx,15,10,Sx,13.2,17.3,170.17,0.144,8
A16818,sx,16,11,Hw,13.2,12.9,229.54,0.07,8
A16818,sx,16,7,Pl,13.1,13,226.02,0.082,8
A16818,sx,12,3,Pl,12.8,19,105.81,0.167,8
A16818,sx,14,9,Sx,12.8,23.6,68.58,0.254,8
A16818,sx,16,14,Hw,12.8,17.1,130.63,0.12,8
A16818,sx,16,2,Pl,12.5,13.9,197.7,0.089,8
A16818,sx,13,5,Sx,12.2,21.3,56.13,0.199,8
A16818,sx,15,1,Sx,12.2,17.4,168.22,0.135,8
A16818,sx,11,9,Sx,12.1,19.3,136.73,0.164,8
A16818,sx,10,2,Hw,11.9,11.8,457.21,0.053,8
A16818,sx,12,8,Hw,11.9,13.7,203.51,0.071,8
A16818,sx,12,2,Sx,11.8,13.1,222.58,0.076,8
A16818,sx,14,2,Sx,11.6,16.5,140.3,0.116,8
A16818,sx,16,4,Pl,11.6,8.5,528.68,0.032,8
A16818,sx,9,7,Sx,11.3,19.7,98.42,0.16,8
A16818,sx,12,7,Sx,11.3,14.2,189.43,0.085,8
A16818,sx,11,4,Sx,11.1,23.5,92.22,0.221,8
A16818,sx,9,6,Sx,10.9,16.4,142.02,0.109,8
A16818,sx,9,5,Sx,10.8,18.7,109.23,0.139,8
A16818,sx,11,10,Sx,10.8,24.8,82.81,0.239,8
A16818,sx,16,8,Sx,10.7,9.8,397.72,0.04,8
A16818,sx,15,9,Sx,10.5,14,259.84,0.077,8
A16818,sx,13,1,Hw,10.4,15.3,108.78,0.078,8
A16818,sx,14,7,Hw,10.1,13.3,215.94,0.057,8
A16818,sx,11,6,Sx,10,14.7,235.69,0.081,8
A16818,sx,12,5,Sx,9.7,10.5,346.46,0.041,8
A16818,sx,13,6,Sx,8.8,15.3,108.78,0.078,8
A16818,sx,15,5,Sx,8.6,7.9,816.05,0.021,8
A16818,sx,16,1,Pl,8.5,12,265.26,0.045,9
A16818,sx,12,4,Sx,8.4,8.1,582.19,0.022,8
A16818,sx,12,9,Sx,7.9,9.1,461.26,0.026,8
A16818,sx,15,7,Bl,7.1,8.1,776.25,0.019,8
A31738,pl,79,7,Acw,41.9,120,3.54,14.097,5
A31738,pl,77,9,At,29.1,38.7,17,1.37,5
A31738,pl,78,3,Hw,19.6,44.7,25.49,1.214,2
A31738,pl,75,2,Sx,18.5,31.2,65.4,0.612,8
A31738,pl,75,4,Sx,16.4,31.2,65.4,0.547,8
A31738,pl,78,1,Sx,16.2,25.8,76.51,0.376,8
A31738,pl,73,9,Hw,16.1,23.3,70.36,0.279,8
A31738,pl,74,4,Sx,15.8,28.4,31.57,0.441,8
A31738,pl,78,4,Sx,15.6,23.3,93.81,0.298,8
A31738,pl,75,3,Hw,15.3,23.2,118.28,0.263,8
A31738,pl,75,6,Sx,14.9,28.8,76.75,0.429,8
A31738,pl,80,4,Hw,14.8,23.4,93.01,0.259,8
A31738,pl,76,8,Pl,14.7,16.7,136.96,0.151,8
A31738,pl,80,5,Hw,14.5,21.2,113.32,0.208,8
A31738,pl,79,5,Bl,14.3,21.1,114.39,0.227,8
A31738,pl,79,4,Sx,14.2,26,75.34,0.337,8
A31738,pl,80,6,Hw,14.1,21.8,107.17,0.214,8
A31738,pl,80,8,Hw,14,17.8,160.74,0.142,8
A31738,pl,78,8,Sx,13.8,28.4,63.14,0.389,8
A31738,pl,76,4,Pl,13.7,13.7,203.51,0.096,8
A31738,pl,76,1,Pl,13.5,17.4,126.16,0.149,8
A31738,pl,76,11,Pl,13.5,16.2,145.55,0.13,8
A31738,pl,79,1,Hw,13.5,20.5,121.19,0.181,8
A31738,pl,79,2,Hw,13.5,21.3,112.26,0.196,8
A31738,pl,79,3,Sx,13.5,23.3,93.81,0.26,8
A31738,pl,76,3,Hw,13.3,20.2,93.61,0.174,8
A31738,pl,78,5,Sx,13.3,25.6,77.71,0.308,8
A31738,pl,80,7,Hw,13.3,19.1,139.61,0.155,8
A31738,pl,75,9,Sx,13.1,23.4,116.26,0.255,8
A31738,pl,78,2,Bl,13.1,13,301.36,0.084,8
A31738,pl,76,2,Ep,12.6,8.1,582.19,0.026,1
A31738,pl,73,3,Hw,12.3,18.4,112.82,0.133,8
A31738,pl,80,3,Hw,11.8,13.2,292.3,0.066,8
A31738,pl,76,12,Hw,11.6,14.5,181.68,0.078,8
A31738,pl,80,10,Hw,11.6,20.1,126.06,0.15,8
A31738,pl,75,8,Sx,11.5,16.7,228.27,0.118,8
A31738,pl,77,7,Hw,11.4,12.5,162.97,0.057,8
A31738,pl,74,1,Ep,11.3,18.5,74.4,0.126,1
A31738,pl,75,1,Sx,11.3,20.7,148.57,0.176,8
A31738,pl,75,5,Sx,11.3,14.3,311.32,0.086,8
A31738,pl,76,10,Hw,11.3,11,315.68,0.044,8
A31738,pl,80,2,Hw,11.2,14.6,238.93,0.076,8
A31738,pl,73,6,Sx,10.5,16.9,133.74,0.111,8
A31738,pl,76,9,Hw,10.4,8.3,554.47,0.023,8
A31738,pl,77,8,Hw,10.4,14.3,124.53,0.068,8
A31738,pl,73,4,Sx,10.3,23.3,70.36,0.203,8
A31738,pl,76,7,Hw,10.3,8,596.83,0.021,8
A31738,pl,77,4,Hw,10.3,13.3,143.96,0.058,8
A31738,pl,80,1,Hw,9.7,17.4,168.22,0.094,8
A31738,pl,77,5,Hw,9.6,9.3,294.42,0.026,8
A31738,pl,74,2,Sx,9.5,15.9,100.73,0.09,8
A31738,pl,76,5,Cw,9.5,9.4,432.29,0.038,8
A31738,pl,75,10,Cw,9.4,21.8,133.96,0.17,8
A31738,pl,78,6,Bl,9.4,12.4,331.23,0.056,8
A31738,pl,76,6,Hw,9.3,9,471.57,0.024,8
A31738,pl,77,1,Sx,9.2,10,254.65,0.036,8
A31738,pl,73,5,Sx,8.7,10.3,360.05,0.036,8
A31738,pl,77,6,Hw,8.6,10.8,218.32,0.032,8
A31738,pl,77,2,Hw,8.5,9.7,270.64,0.025,8
A31738,pl,74,5,Sx,8.1,10.1,249.63,0.032,8
A31738,pl,79,6,Sx,8,10.1,499.26,0.032,8
A31738,pl,73,1,Sx,7.6,12.7,236.82,0.047,8
A31738,pl,73,7,Sx,7,9.3,441.64,0.024,8
A31738,pl,74,3,Hw,6.5,8.7,336.44,0.016,8
A31738,pl,77,3,Hw,4,19.3,68.36,0,4
A34657,pl,36,3,Pl,18.9,15.6,209.28,0.172,8
A34657,pl,35,1,Hw,18.3,21.3,112.26,0.265,8
A34657,pl,39,6,Ep,18.2,20.1,126.06,0.237,1
A34657,pl,33,1,Sx,17.6,28.1,80.62,0.478,8
A34657,pl,36,1,Pl,17.5,19.4,135.32,0.241,8
A34657,pl,35,7,Pl,17.4,17,176.23,0.186,8
A34657,pl,35,6,Pl,17.2,14.8,232.51,0.141,8
A34657,pl,34,5,Pl,16.8,17,176.23,0.18,8
A34657,pl,38,2,Pl,16.6,18.9,106.93,0.217,8
A34657,pl,38,1,Pl,16.5,14.3,186.79,0.126,8
A34657,pl,34,1,Pl,16.4,21,115.49,0.262,8
A34657,pl,34,8,Hw,16.3,19.6,132.57,0.2,8
A34657,pl,36,4,Pl,16.2,17,176.23,0.173,8
A34657,pl,40,2,Sx,16,20.8,88.29,0.246,8
A34657,pl,33,10,Pl,15.9,19.3,170.91,0.216,8
A34657,pl,39,3,Sx,15.7,21.2,113.32,0.251,8
A34657,pl,36,9,Sx,15.5,23.2,94.62,0.294,8
A34657,pl,36,6,Pl,15.4,15.1,223.37,0.131,8
A34657,pl,37,6,Pl,15.2,13.6,275.35,0.105,8
A34657,pl,34,2,Hw,15.1,15,226.35,0.109,8
A34657,pl,37,1,Pl,15.1,12,353.68,0.082,8
A34657,pl,33,8,Pl,15,16.5,233.84,0.151,8
A34657,pl,40,3,Sx,15,23.8,67.43,0.299,8
A34657,pl,34,7,Pl,14.9,16.5,187.07,0.15,8
A34657,pl,36,8,Pl,14.9,18.4,150.43,0.184,8
A34657,pl,40,1,Sx,14.7,26.8,53.18,0.369,8
A34657,pl,38,8,Pl,14.5,14.8,174.38,0.118,8
A34657,pl,36,10,Pl,14.3,12.6,320.8,0.085,8
A34657,pl,34,9,Pl,14,10.4,470.87,0.057,8
A34657,pl,39,4,Sx,13.8,21,115.49,0.218,8
A34657,pl,35,8,Sx,13.7,16.7,182.62,0.14,8
A34657,pl,34,3,Pl,13.6,14,259.84,0.099,8
A34657,pl,33,5,Pl,13.5,10.9,535.83,0.06,8
A34657,pl,37,4,Hw,13.4,12.3,336.64,0.065,8
A34657,pl,35,5,Cw,13.2,17,176.23,0.148,8
A34657,pl,33,2,Sx,13,12.7,394.71,0.079,8
A34657,pl,35,4,Cw,12.9,9,628.76,0.046,8
A34657,pl,35,9,Cw,12.9,14.8,232.51,0.113,8
A34657,pl,33,7,Sx,12.8,14.5,302.79,0.1,8
A34657,pl,37,2,Cw,12.7,15.4,214.75,0.12,8
A34657,pl,37,7,Pl,12.5,9.5,564.32,0.043,9
A34657,pl,38,5,Hw,12.5,12.2,256.63,0.059,8
A34657,pl,34,4,Pl,12.4,13,301.36,0.078,8
A34657,pl,33,6,Sx,12,9.8,662.87,0.045,8
A34657,pl,37,5,Cw,11.5,13.6,275.35,0.087,8
A34657,pl,35,3,Cw,11.2,10.5,461.95,0.054,8
A34657,pl,38,7,Hw,11.2,10.1,374.45,0.036,8
A34657,pl,33,4,Sx,11.1,9.4,720.48,0.038,8
A34657,pl,40,7,Sx,11.1,13.4,212.73,0.075,8
A34657,pl,35,2,Pl,10.9,8.1,776.25,0.027,9
A34657,pl,40,4,Sx,10.4,17.9,119.21,0.123,8
A34657,pl,39,5,Sx,10.3,14.6,238.93,0.082,8
A34657,pl,39,7,Sx,10.3,16.7,182.62,0.107,8
A34657,pl,36,11,Cw,10.2,10.5,461.95,0.049,8
A34657,pl,39,2,Sx,10.2,18.9,142.58,0.134,8
A34657,pl,38,6,Hw,10.1,10.5,346.46,0.035,8
A34657,pl,39,1,Sx,9.8,17.6,164.42,0.113,8
A34657,pl,36,7,Cw,9.6,10.5,461.95,0.046,8
A34657,pl,34,6,Pl,9.5,9.9,519.64,0.035,8
A34657,pl,40,5,Sx,9.5,14.3,186.79,0.073,8
A34657,pl,40,6,Sx,9.5,8.6,516.46,0.028,8
A34657,pl,38,4,Pl,8.8,10.2,367.14,0.034,8
A34657,pl,36,5,Cw,8.7,8.6,688.61,0.029,8
A34657,pl,36,2,Hw,8.6,8.5,704.91,0.02,8
A34657,pl,38,3,Hw,8.6,8,596.83,0.017,8
A34657,pl,38,10,Cw,8.2,10.2,367.14,0.038,8
A34657,pl,37,3,Hw,7.7,9.6,552.62,0.023,8
A34676,pl,19,1,Sx,18,29.2,59.73,0.526,8
A34676,pl,23,14,Sx,17.9,23.5,92.22,0.346,8
A34676,pl,18,8,Pl,17.8,17.1,174.17,0.193,8
A34676,pl,22,1,Pl,17.7,15.5,158.99,0.159,8
A34676,pl,19,5,Ep,17.5,31.9,50.05,0.532,1
A34676,pl,20,4,Pl,17.3,18.7,145.64,0.222,8
A34676,pl,22,4,Pl,17,15.6,156.96,0.154,8
A34676,pl,18,5,Pl,16.8,14.9,229.4,0.139,8
A34676,pl,22,5,Pl,16.7,18.4,112.82,0.208,8
A34676,pl,22,6,Sx,16.7,19.8,97.43,0.234,8
A34676,pl,18,1,Pl,16.6,11.6,378.49,0.085,8
A34676,pl,21,7,Sx,16.5,20.7,118.86,0.251,8
A34676,pl,22,7,Pl,16.5,16.2,145.55,0.161,8
A34676,pl,18,2,Pl,16.2,13.6,275.35,0.112,8
A34676,pl,18,3,Pl,16.2,15.2,220.44,0.139,8
A34676,pl,18,4,Pl,16.1,16.4,189.36,0.16,8
A34676,pl,24,3,Pl,16.1,18.4,112.82,0.2,8
A34676,pl,19,6,Ep,16,16.8,180.45,0.147,1
A34676,pl,21,3,Pl,15.9,13.9,263.6,0.115,8
A34676,pl,24,1,Pl,15.9,18.3,114.06,0.195,8
A34676,pl,21,4,Sx,15.8,23.9,89.16,0.317,8
A34676,pl,18,6,Pl,15.7,14.9,229.4,0.13,8
A34676,pl,19,3,Bl,15.6,22,105.23,0.267,8
A34676,pl,20,1,Pl,15.6,13.9,263.6,0.113,8
A34676,pl,20,7,Pl,15.6,15.8,204.01,0.144,8
A34676,pl,17,1,Pl,15.4,13.8,267.43,0.11,8
A34676,pl,20,3,Pl,15.4,17.1,174.17,0.166,8
A34676,pl,21,5,Pl,15,11.6,378.49,0.076,8
A34676,pl,24,5,Pl,14.9,18.3,114.06,0.182,8
A34676,pl,21,10,Cw,14.8,13.6,275.35,0.111,8
A34676,pl,22,2,Ep,14.8,17.4,126.16,0.146,1
A34676,pl,24,2,Pl,14.8,18.4,112.82,0.183,8
A34676,pl,21,1,Cw,14.7,20.3,123.59,0.224,8
A34676,pl,21,12,Hw,14.6,14.2,252.58,0.094,8
A34676,pl,22,3,Pl,14.6,12.2,256.63,0.082,8
A34676,pl,20,2,Pl,14.5,18.1,155.46,0.173,8
A34676,pl,20,5,Pl,14.5,15.7,206.62,0.132,8
A34676,pl,22,8,Sx,14.5,17.5,124.73,0.161,8
A34676,pl,23,2,Sx,14.4,18.4,150.43,0.176,8
A34676,pl,23,11,Hw,14.3,18.8,144.1,0.162,8
A34676,pl,23,3,Sx,14.2,17,176.23,0.15,8
A34676,pl,23,9,Sx,13.9,16.8,180.45,0.143,8
A34676,pl,23,4,Sx,13.8,16.2,194.06,0.133,8
A34676,pl,24,7,Pl,13.8,13.5,209.59,0.094,8
A34676,pl,19,2,Ep,13.5,19.2,138.16,0.161,1
A34676,pl,23,10,Hw,13.5,13.4,283.64,0.077,8
A34676,pl,23,6,Hw,13.4,14.9,229.4,0.095,8
A34676,pl,23,1,Sx,13.1,17.3,170.17,0.143,8
A34676,pl,23,13,Sx,13.1,13.3,287.92,0.087,8
A34676,pl,23,12,Sx,13,18.3,152.08,0.158,8
A34676,pl,23,7,Sx,12.9,17.1,174.17,0.138,8
A34676,pl,21,8,Hw,12.8,14.2,252.58,0.083,8
A34676,pl,21,11,Pl,12.8,8.3,739.29,0.033,8
A34676,pl,19,7,Ep,12.5,11.7,372.05,0.056,1
A34676,pl,24,4,Pl,12.5,11.7,279.04,0.064,8
A34676,pl,17,3,Pl,12.3,8.6,688.61,0.034,8
A34676,pl,17,2,Sx,12.2,15.1,223.37,0.103,8
A34676,pl,17,6,Hw,11.7,14.1,256.17,0.074,8
A34676,pl,17,8,Hw,11.5,10.9,428.66,0.044,8
A34676,pl,23,8,Sx,11.5,9.8,530.3,0.043,8
A34676,pl,21,6,Hw,11.3,8.5,704.91,0.026,8
A34676,pl,21,9,Cw,11.2,12.2,342.18,0.07,8
A34676,pl,17,7,Hw,11,11,420.91,0.042,8
A34676,pl,17,9,Bl,10.9,10,509.3,0.043,8
A34676,pl,18,10,Pl,10.9,8.8,657.67,0.032,8
A34676,pl,20,6,Hw,9.4,12.2,342.18,0.045,8
A34676,pl,22,9,Sx,9.3,15.5,158.99,0.084,8
A34676,pl,18,7,Hw,8.9,9,628.76,0.023,8
A34676,pl,17,4,Hw,8.7,9.5,564.32,0.025,8
A34676,pl,17,5,Hw,8.7,14.2,252.58,0.056,8
A34676,pl,18,9,Hw,7.4,7.7,858.99,0.014,8
A34676,pl,19,4,Ep,7.2,9.9,519.64,0.023,8
A34677,pl,31,2,At,21.3,20.9,87.45,0.304,2
A34677,pl,31,3,At,20.3,21.1,85.8,0.295,2
A34677,pl,31,1,At,19.9,18.5,111.61,0.224,2
A34677,pl,29,2,At,19,20.8,58.86,0.268,1
A34677,pl,32,9,At,17.4,17.6,123.31,0.177,1
A34677,pl,29,9,At,16.8,19.8,64.95,0.214,1
A34677,pl,32,3,At,15.5,18.4,112.82,0.171,2
A34677,pl,29,7,At,15.4,17.3,85.08,0.151,2
A34677,pl,28,3,Pl,15.3,17.4,84.11,0.17,8
A34677,pl,29,10,At,15.1,12.4,165.61,0.078,8
A34677,pl,32,5,At,14.1,15.2,165.33,0.107,2
A34677,pl,32,8,At,14,12,265.26,0.068,8
A34677,pl,25,1,Pl,13.7,15.7,103.31,0.124,8
A34677,pl,26,3,Hw,13.7,19.9,64.3,0.174,8
A34677,pl,25,6,Pl,13.5,14.8,116.26,0.109,8
A34677,pl,28,1,Ep,13.3,14,129.92,0.085,1
A34677,pl,31,8,Sx,13.1,18.6,110.41,0.164,8
A34677,pl,27,4,Pl,12.9,14,129.92,0.094,8
A34677,pl,30,1,Hw,12.9,13.1,148.39,0.071,8
A34677,pl,31,4,Sx,12.6,16.8,135.34,0.13,8
A34677,pl,27,2,Sx,12.4,14.2,126.29,0.093,8
A34677,pl,26,6,At,11.8,8.1,388.12,0.027,8
A34677,pl,28,8,Pl,11.7,10,254.65,0.044,8
A34677,pl,31,7,Sx,11.5,25,61.12,0.257,8
A34677,pl,28,9,Ep,11.4,11.7,186.02,0.051,1
A34677,pl,26,2,Hw,11.3,14.9,114.7,0.08,8
A34677,pl,29,5,Hw,11.3,11.6,189.24,0.049,8
A34677,pl,26,1,Pl,11.2,11.5,192.55,0.055,8
A34677,pl,26,5,Pl,11.2,10.2,244.76,0.044,8
A34677,pl,32,7,Ep,11.2,10,381.97,0.036,1
A34677,pl,27,8,Ep,11.1,11.6,189.24,0.049,1
A34677,pl,29,4,Sx,11,11.7,186.02,0.057,8
A34677,pl,27,1,Sx,10.9,14.1,128.09,0.081,8
A34677,pl,28,4,Ep,10.9,8.9,321.48,0.028,8
A34677,pl,28,7,Ep,10.4,10.1,249.63,0.034,1
A34677,pl,30,4,Hw,10.4,10.9,214.33,0.039,8
A34677,pl,26,7,At,10.2,11.9,179.82,0.048,1
A34677,pl,29,1,Sx,10.2,10.5,230.97,0.043,8
A34677,pl,31,5,Sx,10.2,13.8,200.57,0.073,8
A34677,pl,28,2,Hw,9.7,11.5,192.55,0.041,8
A34677,pl,25,7,Hw,9.5,11.5,192.55,0.04,8
A34677,pl,27,5,Sx,9.5,15.2,110.22,0.082,8
A34677,pl,30,3,Cw,9.5,12.4,165.61,0.062,8
A34677,pl,27,9,Sx,9.4,9.4,288.19,0.032,8
A34677,pl,32,6,Cw,9.4,14.4,184.21,0.08,8
A34677,pl,29,3,Sx,9.2,8.9,321.48,0.029,8
A34677,pl,29,6,Hw,9.2,9.7,270.64,0.028,8
A34677,pl,25,4,Hw,9.1,10.4,235.44,0.031,8
A34677,pl,26,8,At,8.8,8,397.89,0.019,8
A34677,pl,30,2,Hw,8.8,8.6,344.3,0.021,8
A34677,pl,25,8,Hw,8.7,8.3,369.64,0.019,8
A34677,pl,27,7,Sx,8.7,9.9,259.82,0.033,8
A34677,pl,25,3,Hw,8.6,8.2,378.71,0.018,8
A34677,pl,25,2,Hw,8.4,10.3,240.03,0.028,8
A34677,pl,25,5,Hw,8.3,9,314.38,0.021,8
A34677,pl,30,5,Hw,8.2,7.6,440.87,0.015,8
A34677,pl,28,5,Hw,7.8,8.5,352.45,0.018,8
A34677,pl,26,4,Bl,7.7,8.5,352.45,0.023,8
A34677,pl,28,6,Hw,7.1,8.4,360.9,0.016,8
A34677,pl,32,1,Cw,7,10,381.97,0.032,8
A34677,pl,27,6,Bl,6.9,8,397.89,0.018,8
A34677,pl,29,8,Cw,6.8,7.9,408.02,0.02,8
A34677,pl,31,9,Cw,4.7,7.6,661.31,0.013,8
A36517-15,mix,1,4,Sx,18.4,22.1,78.21,0.316,8
A36517-15,mix,5,4,Sx,18.3,28.1,48.37,0.496,8
A36517-15,mix,4,4,Sx,17.8,22,105.23,0.303,8
A36517-15,mix,4,8,Sx,17.3,21.2,113.32,0.275,8
A36517-15,mix,5,7,Sx,16.8,30.2,41.88,0.525,8
A36517-15,mix,4,10,Hw,15.9,22.7,98.84,0.262,8
A36517-15,mix,5,2,Pl,15.9,15.3,163.17,0.138,8
A36517-15,mix,1,8,Sx,15.2,23.6,68.58,0.298,8
A36517-15,mix,5,1,Sx,15.1,21.2,84.99,0.242,8
A36517-15,mix,4,2,Pl,15,14.7,235.69,0.121,8
A36517-15,mix,3,8,Sx,14.9,19.1,104.7,0.196,8
A36517-15,mix,4,1,Hw,14.9,17.9,158.95,0.153,8
A36517-15,mix,7,3,Sx,14.9,19.4,135.32,0.201,8
A36517-15,mix,7,4,Sx,14.9,31.3,51.99,0.503,8
A36517-15,mix,8,8,Sx,14.9,24.6,63.12,0.317,8
A36517-15,mix,2,5,Sx,14.8,21.1,114.39,0.235,8
A36517-15,mix,3,9,Pl,14.8,17.1,130.63,0.159,8
A36517-15,mix,7,8,Sx,14.8,20.4,122.38,0.22,8
A36517-15,mix,4,9,Sx,14.7,20.6,120.02,0.223,8
A36517-15,mix,7,5,Sx,14.7,24.4,85.54,0.308,8
A36517-15,mix,8,3,Sx,14.7,20,95.49,0.211,8
A36517-15,mix,1,7,Pl,14.6,14.5,181.68,0.114,8
A36517-15,mix,1,1,Sx,14.5,22.1,78.21,0.252,8
A36517-15,mix,8,7,Sx,14.5,19.9,96.46,0.206,8
A36517-15,mix,8,5,Sx,14.4,19.1,104.7,0.189,8
A36517-15,mix,3,10,Sx,13.9,14.1,192.13,0.103,8
A36517-15,mix,7,6,Sx,13.9,17.8,160.74,0.16,8
A36517-15,mix,8,9,Pl,13.8,13.8,200.57,0.098,8
A36517-15,mix,5,6,Pl,13.7,13.1,222.58,0.088,8
A36517-15,mix,8,4,Sx,13.7,17.4,126.16,0.151,8
A36517-15,mix,3,5,Sx,13.6,17,132.17,0.144,8
A36517-15,mix,7,1,Pl,13.6,12.6,320.8,0.081,8
A36517-15,mix,4,11,Sx,13.5,14.8,232.51,0.109,8
A36517-15,mix,5,3,Sx,13.5,21.8,80.37,0.229,8
A36517-15,mix,1,3,Sx,13.1,21,86.61,0.207,8
A36517-15,mix,4,3,Pl,13,10.8,436.64,0.057,8
A36517-15,mix,5,5,Pl,13,11,315.68,0.059,8
A36517-15,mix,4,5,Hw,12.9,17.9,158.95,0.132,8
A36517-15,mix,2,4,Sx,12.8,14.7,235.69,0.103,8
A36517-15,mix,2,9,Sx,12.8,17,176.23,0.135,8
A36517-15,mix,3,6,Hw,12.6,17.5,124.73,0.124,8
A36517-15,mix,4,6,Hw,12.5,12,353.68,0.057,8
A36517-15,mix,3,2,Sx,12.3,13.1,222.58,0.079,8
A36517-15,mix,4,7,Hw,12.3,11.9,359.65,0.056,8
A36517-15,mix,3,4,Sx,12.2,15.4,161.06,0.107,8
A36517-15,mix,6,2,Hw,11.8,14.5,242.23,0.079,8
A36517-15,mix,7,2,Cw,11.8,15,226.35,0.106,8
A36517-15,mix,6,10,Hw,11.6,9.8,530.3,0.035,8
A36517-15,mix,2,2,Hw,11.4,15.8,204.01,0.091,8
A36517-15,mix,3,1,Hw,11.4,13.7,203.51,0.068,8
A36517-15,mix,1,5,Hw,11.2,10.3,360.05,0.038,8
A36517-15,mix,2,1,Hw,11,17,176.23,0.102,8
A36517-15,mix,6,1,Bl,11,13,301.36,0.071,8
A36517-15,mix,8,2,Hw,11,12.4,248.42,0.054,8
A36517-15,mix,2,7,Hw,10.4,9.9,519.64,0.032,8
A36517-15,mix,7,9,Pl,10,9.5,564.32,0.034,9
A36517-15,mix,8,1,Sx,9.9,13.5,209.59,0.068,8
A36517-15,mix,6,6,Cw,9.7,9.7,541.29,0.041,8
A36517-15,mix,6,9,Hw,9.7,9,628.76,0.025,8
A36517-15,mix,6,5,Cw,9.6,9.1,615.02,0.036,8
A36517-15,mix,1,2,Hw,9.4,13.4,212.73,0.054,8
A36517-15,mix,6,3,Cw,9.3,9.5,564.32,0.038,8
A36517-15,mix,6,7,Cw,9.3,12.7,315.76,0.063,8
A36517-15,mix,7,7,Cw,9,9.9,519.64,0.039,8
A36517-15,mix,6,4,Hw,8.9,8.8,657.67,0.022,8
A36517-15,mix,2,8,Hw,8.7,12.3,336.64,0.042,8
A36517-15,mix,8,6,Cw,8.7,10.4,353.15,0.041,8
A36517-15,mix,3,7,Hw,6.6,11.2,304.51,0.026,8
A36517-15,mix,3,3,Hw,5,8,596.83,0.01,8
A36517-15,mix,1,6,Hw,4.4,9.4,432.29,0.012,8
A36517-95,sx,68,1,Sx,16.8,25.3,39.78,0.375,8
A36517-95,sx,65,2,Sx,15.9,30,42.44,0.493,8
A36517-95,sx,67,9,Sx,15.6,29.2,29.87,0.46,8
A36517-95,sx,68,3,Sx,15.6,24.7,41.74,0.334,8
A36517-95,sx,71,7,Sx,15.5,25.1,80.84,0.342,8
A36517-95,sx,72,7,Sx,15.5,18.6,147.21,0.193,8
A36517-95,sx,72,10,Sx,15.5,21.7,108.16,0.259,8
A36517-95,sx,72,2,Sx,15.3,21.5,110.18,0.251,8
A36517-95,sx,66,7,Sx,15.1,28.8,61.4,0.434,8
A36517-95,sx,67,1,Sx,15.1,26.9,35.19,0.381,8
A36517-95,sx,69,2,Sx,14.9,26.8,35.45,0.374,8
A36517-95,sx,69,7,Sx,14.7,22.6,49.86,0.266,8
A36517-95,sx,65,4,Sx,14.4,27.4,50.88,0.378,8
A36517-95,sx,69,1,Sx,14.4,19.1,69.8,0.189,8
A36517-95,sx,68,4,Pl,14.2,16.9,89.16,0.149,8
A36517-95,sx,71,4,Cw,14.1,26.7,71.44,0.353,8
A36517-95,sx,70,1,Sx,13.9,20.1,126.06,0.202,8
A36517-95,sx,71,3,Cw,13.8,16.8,180.45,0.151,8
A36517-95,sx,67,3,Sx,13.5,16.5,93.53,0.135,8
A36517-95,sx,70,8,Sx,13.5,20.6,120.02,0.206,8
A36517-95,sx,65,6,Sx,13.4,25.9,56.94,0.317,8
A36517-95,sx,68,12,Sx,13.4,19.4,67.66,0.182,8
A36517-95,sx,68,13,Sx,13.4,20.2,62.41,0.197,8
A36517-95,sx,68,11,Sx,13.3,23.3,46.91,0.257,8
A36517-95,sx,71,8,Sx,13.3,13.4,283.64,0.089,8
A36517-95,sx,67,4,Sx,13.2,20.9,58.3,0.207,8
A36517-95,sx,72,5,Sx,13.2,21.5,110.18,0.219,8
A36517-95,sx,68,14,Sx,13.1,13.9,131.8,0.094,8
A36517-95,sx,67,6,Sx,12.9,22.4,50.75,0.231,8
A36517-95,sx,66,5,Sx,12.8,19.7,131.23,0.18,8
A36517-95,sx,70,9,Sx,12.8,19.2,138.16,0.171,8
A36517-95,sx,69,4,Hw,12.7,17.5,83.15,0.124,8
A36517-95,sx,72,6,Sx,12.6,20.6,120.02,0.193,8
A36517-95,sx,72,1,Sx,12.5,16.3,191.69,0.122,8
A36517-95,sx,65,3,Sx,12.4,13.3,215.94,0.082,8
A36517-95,sx,66,1,Sx,12.3,21,115.49,0.196,8
A36517-95,sx,66,3,Sx,12.3,22.1,104.28,0.216,8
A36517-95,sx,70,4,Ep,12.1,8.8,657.67,0.03,1
A36517-95,sx,70,5,Ep,12.1,9.4,576.39,0.034,1
A36517-95,sx,72,4,Sx,12,13.4,283.64,0.081,8
A36517-95,sx,66,2,Sx,11.8,13,301.36,0.075,8
A36517-95,sx,66,4,Sx,11.7,18.2,153.75,0.142,8
A36517-95,sx,68,5,Sx,11.5,22.9,48.56,0.217,8
A36517-95,sx,65,1,Sx,11.1,23.7,68,0.225,8
A36517-95,sx,71,1,Sx,11.1,12.8,310.85,0.069,8
A36517-95,sx,66,6,Sx,11,15.4,214.75,0.097,8
A36517-95,sx,68,6,Sx,11,23.4,46.51,0.217,8
A36517-95,sx,68,10,Sx,10.9,22.4,50.75,0.198,8
A36517-95,sx,71,5,Hw,10.7,11.3,398.85,0.044,8
A36517-95,sx,70,7,Sx,10.3,15.3,217.56,0.09,8
A36517-95,sx,68,2,Hw,10.2,9.3,294.42,0.028,8
A36517-95,sx,71,6,Sx,10.2,11.7,372.05,0.053,8
A36517-95,sx,70,2,Sx,9.8,13.2,292.3,0.065,8
A36517-95,sx,70,3,Sx,9.6,14.2,252.58,0.073,8
A36517-95,sx,69,6,Sx,9.5,11,210.45,0.044,8
A36517-95,sx,71,2,Hw,9.5,10.7,444.84,0.035,8
A36517-95,sx,69,3,Hw,9.3,10.6,226.64,0.033,8
A36517-95,sx,67,2,Cw,8.8,12.4,165.61,0.058,8
A36517-95,sx,67,7,Sx,8.7,19.2,69.08,0.12,8
A36517-95,sx,69,9,Sx,8.7,11.3,199.43,0.043,8
A36517-95,sx,67,10,Hw,7.9,9.3,294.42,0.022,8
A36517-95,sx,67,8,Bl,7.6,8.8,328.83,0.024,8
A36528,sx,48,7,Pl,18.2,18.2,192.19,0.223,8
A36528,sx,48,1,Pl,17.3,18.5,186.01,0.218,8
A36528,sx,48,2,Pl,17.3,18.3,190.1,0.213,8
A36528,sx,48,8,Pl,17.1,17.1,217.71,0.185,8
A36528,sx,43,3,Pl,16.5,17.7,162.56,0.19,8
A36528,sx,48,3,Pl,16.5,10.9,535.83,0.074,8
A36528,sx,44,8,Ep,16.3,21.1,114.39,0.232,1
A36528,sx,43,10,Pl,15.9,18.3,152.08,0.195,8
A36528,sx,47,10,Sx,15.8,20.7,89.14,0.241,8
A36528,sx,46,2,Pl,15.7,21.3,112.26,0.257,8
A36528,sx,42,10,Ep,15.5,18.5,148.81,0.172,1
A36528,sx,41,2,Pl,15.4,20.1,126.06,0.226,8
A36528,sx,43,4,Pl,15.4,11.4,391.89,0.076,8
A36528,sx,43,7,Ep,15.3,17,176.23,0.144,1
A36528,sx,43,5,Pl,15.1,16.1,196.48,0.145,8
A36528,sx,42,2,Sx,15,18.5,148.81,0.185,8
A36528,sx,47,7,Hw,15,19,105.81,0.173,8
A36528,sx,41,1,Pl,14.9,15.9,201.45,0.139,8
A36528,sx,46,6,Sx,14.9,22.1,104.28,0.258,8
A36528,sx,43,8,Pl,14.8,15.4,214.75,0.13,8
A36528,sx,44,2,Sx,14.8,17.2,172.15,0.159,8
A36528,sx,41,10,Pl,14.7,17.8,160.74,0.17,8
A36528,sx,43,2,Pl,14.7,16.8,180.45,0.153,8
A36528,sx,45,9,Sx,14.7,22.1,104.28,0.255,8
A36528,sx,46,10,Hw,14.7,15.2,220.44,0.109,8
A36528,sx,47,8,Hw,14.6,19.3,102.55,0.174,8
A36528,sx,42,7,Pl,14.5,13.4,283.64,0.097,8
A36528,sx,42,6,Pl,14.4,17.7,162.56,0.165,8
A36528,sx,44,5,Sx,14.4,16.2,194.06,0.138,8
A36528,sx,41,4,Pl,14,16.8,180.45,0.145,8
A36528,sx,44,11,Sx,13.9,18,157.19,0.163,8
A36528,sx,43,1,Hw,13.8,18.3,152.08,0.148,8
A36528,sx,45,1,Hw,13.6,15.2,220.44,0.1,8
A36528,sx,42,9,Sx,13.5,18.9,142.58,0.174,8
A36528,sx,41,6,Hw,13.3,9.3,588.85,0.036,8
A36528,sx,42,8,Pl,13.3,13.9,263.6,0.095,8
A36528,sx,45,8,Hw,13.3,13.5,279.45,0.077,8
A36528,sx,44,4,Sx,13.2,15.2,220.44,0.113,8
A36528,sx,45,10,Hw,13.2,18.4,150.43,0.143,8
A36528,sx,44,1,Sx,13.1,15.2,220.44,0.112,8
A36528,sx,45,4,Sx,13.1,17.3,170.17,0.143,8
A36528,sx,46,9,Hw,13.1,11.4,391.89,0.054,8
A36528,sx,47,1,Sx,13.1,17,132.17,0.138,8
A36528,sx,42,1,Hw,12.9,14.3,249.06,0.084,8
A36528,sx,46,7,Hw,12.8,15.3,217.56,0.096,8
A36528,sx,47,11,Sx,12.8,23.3,70.36,0.248,8
A36528,sx,44,10,Sx,12.6,15.4,214.75,0.11,8
A36528,sx,46,1,Pl,12.6,14.9,229.4,0.103,8
A36528,sx,42,3,Hw,12.5,15.5,211.99,0.096,8
A36528,sx,45,3,Hw,12.4,16,198.94,0.102,8
A36528,sx,43,6,Hw,12,11.5,385.1,0.051,8
A36528,sx,44,3,Sx,12,16,198.94,0.113,8
A36528,sx,48,5,Pl,12,14.5,302.79,0.093,9
A36528,sx,42,4,Hw,11.6,12,353.68,0.053,8
A36528,sx,44,9,Sx,11.5,13.1,296.78,0.074,8
A36528,sx,47,2,Hw,11.5,11.7,279.04,0.05,8
A36528,sx,46,3,Hw,11.2,9.9,519.64,0.035,8
A36528,sx,46,8,Hw,11.2,11.5,385.1,0.047,8
A36528,sx,45,2,Hw,10.8,13.8,267.43,0.066,8
A36528,sx,47,6,Hw,10.8,19,105.81,0.125,8
A36528,sx,47,3,Cw,10.7,11.2,304.51,0.058,8
A36528,sx,41,5,Hw,10.5,7.7,858.99,0.02,8
A36528,sx,42,5,Hw,10.4,8.5,704.91,0.024,8
A36528,sx,41,3,Hw,9.9,8.5,704.91,0.023,8
A36528,sx,44,6,Sx,9.9,14.6,238.93,0.079,8
A36528,sx,46,4,Hw,9.8,9.8,530.3,0.03,8
A36528,sx,48,6,Hw,9.8,11.6,473.11,0.042,8
A36528,sx,46,5,Sx,9.6,15.5,211.99,0.086,8
A36528,sx,45,5,Sx,9.3,12.5,325.95,0.055,8
A36528,sx,47,5,Hw,9,8.8,493.25,0.022,8
A36528,sx,43,9,Hw,8.5,8.7,672.87,0.02,8
A36528,sx,48,4,Hw,8.3,8.1,970.31,0.017,8
A36528,sx,45,7,Cw,7.9,9.2,601.72,0.03,8
A36528,sx,47,9,Hw,7.9,8.3,554.47,0.017,8
A40440,sx,85,3,Acw,19.8,29.8,43.01,0.509,1
A40440,sx,82,1,Hw,18.2,26.4,91.34,0.404,8
A40440,sx,83,7,Sx,17.4,22.2,103.34,0.302,8
A40440,sx,88,6,Sx,16.6,19,141.08,0.215,8
A40440,sx,83,8,Sx,16.4,20.4,122.38,0.243,8
A40440,sx,87,8,At,16.4,17.6,164.42,0.167,1
A40440,sx,86,4,Sx,16.1,20.4,183.57,0.239,8
A40440,sx,84,11,Sx,16,14.3,373.58,0.121,8
A40440,sx,87,1,Cw,15.6,21.4,111.21,0.261,8
A40440,sx,81,2,Sx,15.4,14.4,245.61,0.118,8
A40440,sx,82,6,Sx,15.4,23.9,111.45,0.309,8
A40440,sx,82,10,Sx,15.4,27.7,82.97,0.41,8
A40440,sx,86,2,Sx,15.4,19.1,209.41,0.202,8
A40440,sx,81,4,Sx,15.2,12.2,342.18,0.085,8
A40440,sx,81,3,Sx,15.1,12.4,331.23,0.087,8
A40440,sx,84,10,Sx,15.1,17.8,241.11,0.173,8
A40440,sx,88,5,Sx,14.9,19.6,132.57,0.205,8
A40440,sx,84,8,Sx,14.8,22,157.84,0.254,8
A40440,sx,87,3,Sx,14.8,29.3,59.32,0.441,8
A40440,sx,83,3,Sx,14.6,18.1,155.46,0.173,8
A40440,sx,84,1,Sx,14.5,20.2,187.22,0.212,8
A40440,sx,83,1,Hw,14.4,13.4,283.64,0.083,8
A40440,sx,83,4,Sx,14,19.2,138.16,0.186,8
A40440,sx,82,2,Sx,13.9,18.8,180.12,0.178,8
A40440,sx,84,7,Sx,13.9,13,452.04,0.088,8
A40440,sx,86,8,Sx,13.9,25.7,115.66,0.323,8
A40440,sx,85,1,Sx,13.8,17.8,120.56,0.159,8
A40440,sx,81,1,Sx,13.7,16.3,191.69,0.133,8
A40440,sx,84,12,Sx,13.7,23.9,133.74,0.277,8
A40440,sx,84,5,Sx,13.6,25,122.23,0.3,8
A40440,sx,81,9,Sx,13.3,19.5,133.94,0.183,8
A40440,sx,82,7,Hw,13.3,13.2,365.37,0.074,8
A40440,sx,85,8,Hw,13.2,12.9,229.54,0.07,8
A40440,sx,86,1,Sx,13.2,15.7,309.93,0.12,8
A40440,sx,86,5,Acw,13.2,8.1,1164.37,0.027,1
A40440,sx,87,2,Sx,13.2,15.7,206.62,0.12,8
A40440,sx,88,4,Sx,13.2,18.8,144.1,0.169,8
A40440,sx,87,6,Cw,13,21,115.49,0.213,8
A40440,sx,86,10,Sx,12.7,18.2,230.63,0.153,8
A40440,sx,84,3,Sx,12.6,21.4,166.81,0.207,8
A40440,sx,87,12,Hw,12.5,13.6,275.35,0.074,8
A40440,sx,83,2,Sx,12.4,17.3,170.17,0.136,8
A40440,sx,87,10,Cw,12.3,19.5,133.94,0.177,8
A40440,sx,81,11,Sx,12.1,12.2,342.18,0.068,8
A40440,sx,84,4,Hw,12,11.5,577.65,0.051,8
A40440,sx,88,1,Sx,12,22.8,97.97,0.224,8
A40440,sx,86,3,Sx,11.9,20.9,174.89,0.188,8
A40440,sx,84,6,Hw,11.7,9.6,828.93,0.034,8
A40440,sx,85,9,Hw,11.7,13.8,200.57,0.071,8
A40440,sx,86,7,Sx,11.6,13.4,425.45,0.078,8
A40440,sx,84,2,Hw,11.5,10.4,706.31,0.04,8
A40440,sx,83,6,Sx,11.3,16.6,184.82,0.115,8
A40440,sx,87,13,Hw,11.3,9.5,564.32,0.032,8
A40440,sx,81,7,Sx,11.2,13.9,263.6,0.081,8
A40440,sx,81,10,Hw,11.2,9.3,588.85,0.031,8
A40440,sx,85,5,Sx,11.2,26.9,52.79,0.29,8
A40440,sx,82,9,Sx,10.9,22.9,121.4,0.207,8
A40440,sx,82,3,Hw,10.8,16.2,242.58,0.091,8
A40440,sx,82,8,Sx,10.8,20.9,145.74,0.172,8
A40440,sx,85,2,Hw,10.8,9.8,397.72,0.033,8
A40440,sx,81,5,Sx,10.7,10,509.3,0.041,8
A40440,sx,81,6,Sx,10.7,12,353.68,0.059,8
A40440,sx,87,11,Hw,10.4,10.2,489.52,0.034,8
A40440,sx,88,2,Sx,10.4,23.3,93.81,0.205,8
A40440,sx,88,3,Sx,10.2,17.4,168.22,0.114,8
A40440,sx,82,5,Hw,9.9,8.3,924.11,0.022,8
A40440,sx,82,4,Hw,9.8,10.7,556.05,0.036,8
A40440,sx,87,9,Bl,9.7,10.1,499.26,0.039,8
A40440,sx,88,7,Cw,9,14.3,249.06,0.076,8
A40440,sx,87,5,Hw,8.8,11.7,372.05,0.039,8
A40440,sx,85,6,Cw,8.3,11.7,279.04,0.049,8
A40440,sx,87,4,Sx,7.8,7.5,905.41,0.018,8
A40440,sx,85,7,Cw,7.4,8.7,504.65,0.026,8
A40472,mix,56,4,Pl,17.1,18,157.19,0.204,8
A40472,mix,55,3,Sx,16.7,22.9,97.12,0.308,8
A40472,mix,56,3,Pl,16.2,16.9,178.32,0.171,8
A40472,mix,49,3,Hw,15.8,24.6,84.16,0.305,8
A40472,mix,54,1,Pl,15.5,16.1,196.48,0.149,8
A40472,mix,52,1,Sx,15.4,22.3,102.41,0.271,8
A40472,mix,51,7,Sx,15.3,22.3,76.81,0.269,8
A40472,mix,53,9,Hw,15.3,16,248.68,0.125,8
A40472,mix,56,8,Pl,15.2,21.9,106.19,0.262,8
A40472,mix,51,3,Sx,15.1,22.4,76.13,0.268,8
A40472,mix,56,1,Hw,15,20.6,120.02,0.203,8
A40472,mix,56,12,Pl,14.8,17.5,166.3,0.166,8
A40472,mix,56,11,Pl,14.7,15.9,201.45,0.137,8
A40472,mix,55,9,Sx,14.6,23.1,95.44,0.276,8
A40472,mix,50,3,Sx,14.5,24.8,62.11,0.314,8
A40472,mix,52,5,Hw,14.1,16.3,191.69,0.12,8
A40472,mix,53,7,Sx,14.1,14.8,290.64,0.114,8
A40472,mix,53,8,Pl,14.1,17.3,212.71,0.154,8
A40472,mix,55,7,Pl,14.1,13.3,287.92,0.093,8
A40472,mix,54,8,Sx,14,18.9,142.58,0.181,8
A40472,mix,55,8,Pl,14,14,259.84,0.102,8
A40472,mix,51,8,Hw,13.9,17.1,130.63,0.13,8
A40472,mix,53,5,Sx,13.9,16.4,236.7,0.137,8
A40472,mix,56,9,Pl,13.9,16.8,180.45,0.144,8
A40472,mix,56,10,Pl,13.9,13.8,267.43,0.099,8
A40472,mix,49,4,Hw,13.6,17.4,168.22,0.132,8
A40472,mix,51,1,Sx,13.6,16.6,138.62,0.137,8
A40472,mix,55,1,Pl,13.6,17.9,158.95,0.159,8
A40472,mix,55,6,Pl,13.5,12.6,320.8,0.08,8
A40472,mix,56,2,Hw,13.5,13.4,283.64,0.077,8
A40472,mix,56,7,Pl,13.4,14.5,242.23,0.104,8
A40472,mix,53,10,Pl,13.2,16.6,231.03,0.133,8
A40472,mix,54,7,Pl,13.2,16.9,178.32,0.138,8
A40472,mix,55,10,Pl,13.1,17,176.23,0.138,8
A40472,mix,50,2,Hw,13,17.5,124.73,0.127,8
A40472,mix,54,5,Pl,13,16.3,191.69,0.127,8
A40472,mix,49,1,Pl,12.9,13.2,292.3,0.084,8
A40472,mix,51,6,Sx,12.9,19.9,96.46,0.184,8
A40472,mix,52,10,Pl,12.7,9.5,564.32,0.043,8
A40472,mix,51,5,Hw,12.6,17.3,127.63,0.121,8
A40472,mix,53,4,Sx,12.5,13.8,334.29,0.089,8
A40472,mix,54,4,Hw,12.5,16.3,191.69,0.106,8
A40472,mix,49,6,Hw,12.4,15.2,220.44,0.092,8
A40472,mix,49,2,Pl,12.3,9.7,541.29,0.044,9
A40472,mix,52,8,Hw,12.3,16.4,189.36,0.106,8
A40472,mix,53,6,Sx,12.2,10.6,566.59,0.053,8
A40472,mix,50,6,Sx,12,18.1,116.59,0.144,8
A40472,mix,52,7,Pl,11.8,15.3,217.56,0.101,8
A40472,mix,55,2,Pl,11.8,9,628.76,0.036,8
A40472,mix,54,3,Sx,11.7,18.2,153.75,0.142,8
A40472,mix,51,10,Hw,11.6,11.9,269.74,0.052,8
A40472,mix,55,4,Hw,11.4,13,301.36,0.062,8
A40472,mix,53,1,Pl,11.3,17.6,205.52,0.127,8
A40472,mix,56,6,Pl,10.9,11,420.91,0.049,8
A40472,mix,50,1,Pl,10.6,12.7,236.82,0.063,8
A40472,mix,49,5,Hw,10.5,13.2,292.3,0.059,8
A40472,mix,53,2,Hw,10.5,9.1,768.77,0.028,8
A40472,mix,56,5,Hw,10.4,13.5,279.45,0.061,8
A40472,mix,50,4,Hw,10.2,11.8,274.33,0.045,8
A40472,mix,52,4,Hw,9.6,9.7,541.29,0.029,8
A40472,mix,52,3,Hw,9.5,10,509.3,0.03,8
A40472,mix,49,7,Sx,9.2,9.8,530.3,0.034,8
A40472,mix,49,8,Sx,9.2,10.6,453.27,0.04,8
A40472,mix,52,6,Hw,8.8,9.9,519.64,0.027,8
A40472,mix,55,11,Pl,8.7,10.4,470.87,0.035,8
A40472,mix,52,9,Pl,8.6,7.8,837.11,0.02,9
A40472,mix,50,5,Hw,8.5,11.4,293.92,0.035,8
A40472,mix,51,4,Pl,8.3,12.2,256.63,0.045,8
A40472,mix,54,2,Hw,7.4,7.6,881.74,0.014,8
A40473,mix,64,2,At,21.4,17.2,258.23,0.21,2
A40473,mix,64,3,Sx,16.8,27.9,98.14,0.451,8
A40473,mix,60,2,Sx,16.5,21.2,84.99,0.263,8
A40473,mix,63,5,Pl,16.4,17,176.23,0.175,8
A40473,mix,64,7,Cw,16.1,19.5,200.91,0.227,8
A40473,mix,59,9,Pl,16,15.6,156.96,0.145,8
A40473,mix,61,7,Sx,15.9,22,105.23,0.272,8
A40473,mix,64,5,Hw,15.9,21.5,165.27,0.235,8
A40473,mix,61,8,Sx,15.6,21.1,114.39,0.247,8
A40473,mix,59,2,Pl,15.5,17.5,124.73,0.174,8
A40473,mix,59,3,Pl,15.1,20.8,88.29,0.236,8
A40473,mix,62,8,Hw,15.1,22.2,129.17,0.238,8
A40473,mix,63,6,Pl,15.1,16.4,189.36,0.15,8
A40473,mix,59,10,Sx,15,16,149.21,0.14,8
A40473,mix,60,6,Sx,15,19.8,97.43,0.211,8
A40473,mix,59,5,Pl,14.8,20,95.49,0.214,8
A40473,mix,59,6,Pl,14.6,15.9,151.09,0.136,8
A40473,mix,63,10,Pl,14.6,15.5,211.99,0.13,8
A40473,mix,58,4,Sx,14.5,26.9,35.19,0.367,8
A40473,mix,59,4,Pl,14.4,15.8,153.01,0.133,8
A40473,mix,62,6,Sx,14.4,19.5,167.42,0.197,8
A40473,mix,60,1,Pl,14.3,19.2,103.62,0.191,8
A40473,mix,63,1,Pl,14.3,16.6,184.82,0.145,8
A40473,mix,63,9,Pl,14.2,14,259.84,0.104,8
A40473,mix,59,7,Sx,14.1,16,149.21,0.132,8
A40473,mix,62,7,Sx,14,25.3,99.46,0.316,8
A40473,mix,63,3,Pl,14,14,259.84,0.102,8
A40473,mix,62,1,Sx,13.9,20.4,152.97,0.208,8
A40473,mix,62,5,Pl,13.9,9.5,705.4,0.048,8
A40473,mix,64,1,Sx,13.9,24.1,131.53,0.286,8
A40473,mix,64,4,Hw,13.9,13.3,431.88,0.079,8
A40473,mix,58,11,Sx,13.8,19.5,66.97,0.189,8
A40473,mix,60,3,Sx,13.8,14.4,184.21,0.106,8
A40473,mix,62,3,Pl,13.8,12.9,382.56,0.086,8
A40473,mix,62,4,Pl,13.8,13.9,329.5,0.099,8
A40473,mix,57,3,Pl,13.7,12.9,306.05,0.085,8
A40473,mix,63,8,Pl,13.7,17.1,174.17,0.147,8
A40473,mix,63,4,Pl,13.6,13.9,263.6,0.098,8
A40473,mix,60,8,Sx,13.5,15.7,154.96,0.122,8
A40473,mix,59,8,Sx,13.3,23.3,70.36,0.257,8
A40473,mix,60,4,Pl,13.2,10.9,321.5,0.059,8
A40473,mix,57,2,Sx,13,13.5,279.45,0.089,8
A40473,mix,60,5,Pl,13,9,471.57,0.04,8
A40473,mix,60,7,Hw,13,17.1,130.63,0.122,8
A40473,mix,64,6,Hw,12.9,11.7,558.07,0.056,8
A40473,mix,63,2,Pl,12.7,16.8,180.45,0.131,8
A40473,mix,59,1,Hw,12.5,16.3,143.77,0.106,8
A40473,mix,61,1,Sx,12.5,20.8,117.72,0.195,8
A40473,mix,58,1,Hw,12.3,15,113.18,0.089,8
A40473,mix,58,8,Sx,12.3,18.3,76.04,0.15,8
A40473,mix,57,1,Sx,12.2,15.5,211.99,0.108,8
A40473,mix,58,7,Sx,12.1,16.9,89.16,0.127,8
A40473,mix,61,5,Sx,11.8,16.4,189.36,0.117,8
A40473,mix,63,7,Sx,11.5,13.8,267.43,0.082,8
A40473,mix,58,9,Sx,11.4,12.7,157.88,0.069,8
A40473,mix,58,10,Sx,11.4,13.6,137.68,0.079,8
A40473,mix,58,2,Sx,11.3,16.4,94.68,0.112,8
A40473,mix,57,6,Sx,11.1,15.4,214.75,0.098,8
A40473,mix,61,6,Sx,11.1,20.9,116.59,0.176,8
A40473,mix,62,2,Sx,10.9,9.3,736.06,0.037,8
A40473,mix,57,8,Sx,10.8,14.1,256.17,0.081,8
A40473,mix,57,5,Sx,10.5,13.8,267.43,0.075,8
A40473,mix,58,3,Cw,10.4,13.8,133.72,0.081,8
A40473,mix,57,4,Cw,10,10.3,480.06,0.046,8
A40473,mix,58,12,Cw,8.5,8.2,378.71,0.026,8
A40473,mix,57,7,Hw,8.4,7.8,837.11,0.016,8
A40473,mix,61,4,Cw,8.2,9.2,601.72,0.031,8
A40473,mix,61,3,Cw,8,7.8,837.11,0.023,8
A44413,mix,89,8,Sx,19.3,28.4,63.14,0.533,8
A44413,mix,93,7,Sx,19.2,25.3,59.67,0.426,8
A44413,mix,89,2,Sx,19.1,18.4,150.43,0.231,8
A44413,mix,96,4,Sx,18.2,26.5,54.39,0.442,8
A44413,mix,89,9,Sx,17.9,21.6,109.16,0.295,8
A44413,mix,96,2,Sx,17.9,21.6,81.87,0.295,8
A44413,mix,89,5,Hw,17.8,22,105.23,0.275,8
A44413,mix,89,7,Ep,17.8,11.8,365.77,0.081,1
A44413,mix,89,6,Pl,17.7,14.7,235.69,0.143,8
A44413,mix,93,8,Sx,17.6,28.5,47.03,0.491,8
A44413,mix,90,9,Sx,17.3,23.8,89.91,0.343,8
A44413,mix,89,3,Sx,17.2,22.7,98.84,0.312,8
A44413,mix,90,2,Ep,17.2,17.2,172.15,0.166,1
A44413,mix,90,4,Ep,17.2,16.3,191.69,0.149,1
A44413,mix,95,7,Hw,17.2,20.4,122.38,0.229,8
A44413,mix,96,5,Sx,17.2,22,78.92,0.294,8
A44413,mix,89,4,Pl,17,18.8,144.1,0.22,8
A44413,mix,93,9,Sx,16.7,23.9,66.87,0.334,8
A44413,mix,94,2,Sx,16.6,19.3,102.55,0.221,8
A44413,mix,89,1,Hw,16.2,23,96.28,0.273,8
A44413,mix,93,6,Pl,16.2,20.1,94.55,0.238,8
A44413,mix,90,5,Hw,16,21.4,111.21,0.234,8
A44413,mix,96,7,Ep,15.8,12,265.26,0.074,1
A44413,mix,90,8,Pl,15.7,12.3,336.64,0.09,8
A44413,mix,93,11,At,15.7,10.7,333.63,0.061,1
A44413,mix,95,3,Sx,15.7,20.9,116.59,0.244,8
A44413,mix,90,3,Hw,15.6,19.9,128.61,0.197,8
A44413,mix,94,1,Pl,15.5,18.5,111.61,0.194,8
A44413,mix,95,8,Hw,15.5,19,141.08,0.179,8
A44413,mix,93,2,Hw,15.3,21.3,84.19,0.222,8
A44413,mix,95,4,Sx,15.2,22.9,97.12,0.282,8
A44413,mix,93,10,Sx,15,21,86.61,0.236,8
A44413,mix,94,10,Sx,15,18.1,116.59,0.178,8
A44413,mix,95,5,Hw,15,18,157.19,0.155,8
A44413,mix,94,3,Pl,14.7,16.4,142.02,0.146,8
A44413,mix,94,5,Sx,14.7,21,86.61,0.231,8
A44413,mix,91,1,Pl,14.3,15.5,105.99,0.127,8
A44413,mix,94,6,Sx,14.3,14.5,181.68,0.111,8
A44413,mix,90,7,Pl,14,11.2,406.01,0.066,8
A44413,mix,91,6,Sx,13.2,17.3,85.08,0.144,8
A44413,mix,94,7,Cw,13.2,16.5,140.3,0.14,8
A44413,mix,94,9,Hw,13,14.2,189.43,0.084,8
A44413,mix,96,1,Cw,12.9,20,95.49,0.194,8
A44413,mix,90,1,Sx,12.8,17.4,168.22,0.142,8
A44413,mix,92,7,Pl,12.5,13.2,146.15,0.081,8
A44413,mix,96,3,Sx,12,13.5,209.59,0.082,8
A44413,mix,91,7,Sx,11.8,16.1,98.24,0.113,8
A44413,mix,94,8,Hw,11.5,14.4,184.21,0.076,8
A44413,mix,91,4,Sx,11.3,15.3,108.78,0.098,8
A44413,mix,93,1,Sx,11.3,17,132.17,0.12,8
A44413,mix,95,1,Sx,10.4,19,141.08,0.138,8
A44413,mix,91,3,Cw,10.2,12.7,157.88,0.069,8
A44413,mix,92,3,Sx,9.7,11.3,199.43,0.048,8
A44413,mix,92,4,Sx,9.6,9.8,265.15,0.036,8
A44413,mix,91,2,Sx,9.1,9.6,276.31,0.033,8
A44413,mix,95,6,Hw,9,9.6,552.62,0.026,8
A44413,mix,92,1,Cw,8.3,12.9,153.02,0.059,8
A44413,mix,92,2,Sx,7.6,11.8,182.88,0.041,8
A44413,mix,92,5,Pl,6.6,7.5,452.71,0.014,9
A44413,mix,92,6,Sx,6.4,8.4,360.9,0.018,8
,,,,,,,,,
